id,Tg,FFV,Tc,Density,Rg
1109053969,-1.2464279,0.2820822,0.11324518,0.83357733,11.573305
1422188626,5.5375557,0.28049764,0.114946775,0.81743133,11.412236
2032016830,-0.2516431,0.2830714,0.112197295,0.8153052,11.693082
