id,Tg,FFV,Tc,Density,Rg
1109053969,140.85289645167109,0.3690781432128246,0.1811994774554148,1.225019910978009,20.186155915856368
1422188626,162.08086008657727,0.3760076637974999,0.2343854809158928,1.060454006988827,19.032718973508086
2032016830,84.75071076740237,0.3508075262214938,0.2665049777954042,1.1368142260755618,21.36925709923114
